Fund / Investor,Website,Location,Focus Areas,Stage,Typical Check Size,Fit Score (1-5),Notable Portfolio,Why Interested in EraseAI
Vertex Ventures SEA,vertexventures.com,Singapore,"Infrastructure, SaaS, developer tools, security",Seed → Series B,$1M–$10M,5,"Grab, Patsnap, FirstCom Academy",Active in enterprise SaaS + security; EraseAI fits developer tools thesis
Wavemaker Partners,wavemaker.vc,Singapore,"Enterprise B2B, deep tech, AI",Early-stage,$500K–$5M,5,400+ companies; $600M deployed,Enterprise B2B + AI focus aligns perfectly with EraseAI positioning
Insignia Ventures Partners,insignia.vc,Singapore,"AI/ML, fintech, B2B SaaS",Seed → Series A,$1M–$5M,5,Founded by former Sequoia Asia partner,AI + B2B SaaS thesis; former Sequoia pedigree
Antler,antler.co,Singapore,"AI & ML, Cybersecurity, SaaS, Fintech",Pre-Seed → Seed,$100K–$1M,4,Global platform; 6 offices in Asia,Explicitly invests in cybersecurity + AI
Golden Gate Ventures,goldengate.vc,Singapore,"Tech, B2B, SEA ecosystem",Seed → Series A,$500K–$3M,4,Active in SEA since 2011,Long SEA track record; B2B enterprise tech focus
SGInnovate,sginnovate.com,Singapore,"Deep Tech — AI, cybersecurity, biomedical",Early-stage,Varies (govt-backed),5,SG govt deep tech investor,Cybersecurity + AI are core thesis areas
Singtel Innov8,innov8.singtel.com,Singapore,"Cybersecurity, IoT, Digital Media",Series A–C,$2M–$10M,5,"BitSight, ShopBack",Singtel CVC with explicit cybersecurity mandate; strategic distribution
Jungle Ventures,jungle.vc,Singapore,"Enterprise SaaS, AI, fintech",Series A–B,$2M–$15M,4,"Moglix, Kredivo, Sociolla",Enterprise SaaS focus across Asia; AI security is emerging priority
Horizons Ventures,horizonsventures.com,Hong Kong,"Deep science, disruptive tech, enterprise apps",Seed → Series B,$4M–$45M,4,208+ companies; Li Ka-shing backed; 60+ exits,Enterprise tech focus; 190 tech + 142 B2B companies in portfolio
Alibaba Entrepreneurs Fund,ent-fund.org,Hong Kong,HK & Taiwan tech startups,Early to growth,Varies,4,Alibaba Group initiative for HK/Taiwan startups,HK-based AI/tech startups are core focus; Alibaba ecosystem access
Cyberport Macro Fund (CMF),cyberport.hk,Hong Kong,"Digital tech, AI, fintech, cybersecurity",Seed → Series A,Up to HK$20M (~$2.5M),5,HK$1.99B across 29 startups,HK govt fund for Cyberport AI/tech startups — direct fit
Cyberport Incubation (CIN),cyberport.hk,Hong Kong,Digital tech startups,Pre-seed → Seed,HK$500K grants + mentorship,4,HK$4.26B facilitated into 109 projects,Grants + mentorship for HK-based AI startups
HKSTP,hkstp.org,Hong Kong,"Deep tech, AI, biotech",Pre-seed → Series A,Grants + investment programs,4,"HK govt innovation hub; 1,000+ companies",Major HK innovation hub with AI funding programs
HK Govt AI Subsidy Scheme (AISS),innovationandtechnology.gov.hk,Hong Kong,AI companies in Hong Kong,All stages,Part of HK$3B over 3 years,5,Government initiative,HK$3B AI subsidy fund — EraseAI should apply
Vectr Ventures,vectr.com,Hong Kong,"Enterprise software, fintech, deep tech",Seed → Series A,$500K–$3M,4,HK-based early stage fund,Enterprise software + HK focus
B Capital Group,bcapgroup.com,Singapore,"Enterprise tech, fintech, cybersecurity",Series A–C,$5M–$25M,4,Co-founded by Eduardo Saverin (Facebook),Enterprise tech + cybersecurity thesis; strong SEA presence
Monk's Hill Ventures,monkshill.com,Singapore,"B2B SaaS, AI/ML, developer tools",Seed → Series A,$1M–$5M,4,SEA-focused B2B investor,B2B SaaS + developer tools thesis — direct fit
TNB Aura,tnbaura.com,Singapore,"AI, enterprise, deep tech",Pre-seed → Seed,$200K–$2M,3,Deep tech accelerator,AI + deep tech focus for early-stage companies