Language,Sitelink text,Description 1,Description 2,Final URL
EN,Add to Chrome,Free extension,Checks every message,https://eraseai.ai/ai-firewall?utm_source=google&utm_medium=cpc&utm_campaign=sitelink
EN,Android App,Protection on your phone,Try free for 7 days,https://eraseai.ai/?utm_source=google&utm_medium=cpc&utm_campaign=sitelink
EN,Developer API,"Keys, webhooks, JSON",Check prompts in your app,https://eraseai.ai/developer-api?utm_source=google&utm_medium=cpc&utm_campaign=sitelink
EN,AI Security Guides,"Shadow AI, DLP, policy",Plain-language guides,https://eraseai.ai/learn?utm_source=google&utm_medium=cpc&utm_campaign=sitelink
EN,Plans & Pricing,"Free, Personal, Teams",See what each plan adds,https://eraseai.ai/pricing?utm_source=google&utm_medium=cpc&utm_campaign=sitelink
EN,Contact Us,Talk to the team,Set up a team pilot,https://eraseai.ai/contact?utm_source=google&utm_medium=cpc&utm_campaign=sitelink
ZH-HK,加入 Chrome,免費擴充功能,傳送前先檢查訊息,https://eraseai.ai/ai-firewall?utm_source=google&utm_medium=cpc&utm_campaign=sitelink
ZH-HK,Android 應用程式,手機上的保護,免費試用 7 日,https://eraseai.ai/?utm_source=google&utm_medium=cpc&utm_campaign=sitelink
ZH-HK,開發者 API,金鑰、Webhook、JSON,在你的應用程式內檢查,https://eraseai.ai/developer-api?utm_source=google&utm_medium=cpc&utm_campaign=sitelink
ZH-HK,AI 資安指南,影子 AI、DLP、政策,淺白易明的指南,https://eraseai.ai/learn?utm_source=google&utm_medium=cpc&utm_campaign=sitelink
ZH-HK,方案及價格,免費、Personal、團隊,查看各方案內容,https://eraseai.ai/pricing?utm_source=google&utm_medium=cpc&utm_campaign=sitelink
ZH-HK,聯絡我們,與團隊聯絡,安排團隊試行,https://eraseai.ai/contact?utm_source=google&utm_medium=cpc&utm_campaign=sitelink
