Company,Segment,HQ,Est. Employees,Why they fit,Primary Contact,Role,LinkedIn,Company Domain,Email Pattern (verify before sending),Recommended Angle
Hebbia,AI/ML SaaS,"New York, NY",~155,"AI analysis over clients' most sensitive financial/legal documents; enterprise buyers demand provable AI data controls",George Sivulka,Founder & CEO,linkedin.com/in/sivulka,hebbia.ai,first@hebbia.ai,B — Compliance Defensibility
Decagon,AI/ML SaaS,"San Francisco, CA",~150-210,"AI support agents touch customer PII at scale; fast headcount growth = shadow AI risk",Jesse Zhang,Co-founder & CEO,linkedin.com/in/thejessezhang,decagon.ai,first@decagon.ai,A — Shadow AI
Modal,Data Infrastructure,"New York, NY",~160,"Serverless AI infra; customers run proprietary code/models through them; engineers paste code daily",Erik Bernhardsson,Founder & CEO,linkedin.com/in/erikbern,modal.com,first@modal.com,C — Prevention vs. Forensics
MotherDuck,Data Infrastructure,"Seattle, WA",~100,"Cloud analytics on customer data warehouses; data governance is a buying criterion for their own customers",Jordan Tigani,Co-founder & CEO,linkedin.com/in/jordantigani,motherduck.com,first@motherduck.com,B — Compliance Defensibility
Dagster Labs,Data Infrastructure,"San Francisco, CA / distributed",~85,"Data orchestration company; pipelines are customers' crown jewels; distributed team = unmanaged AI use",Nick Schrock,Founder & CTO,linkedin.com/in/schrockn,dagsterlabs.com,first@dagsterlabs.com,A — Shadow AI
Airbyte,Data Infrastructure,"San Francisco, CA",~125,"Moves customer data between systems; security posture is core to their sales motion",Michel Tricot,Co-founder & CEO,linkedin.com/in/micheltricot,airbyte.com,first@airbyte.com,B — Compliance Defensibility
Socket,Cybersecurity,"San Francisco, CA",~104,"Security vendor; 'we practice what we sell' dogfooding angle lands well; dev team pastes code into AI daily",Feross Aboukhadijeh,Founder & CEO,linkedin.com/in/feross,socket.dev,first@socket.dev,C — Prevention vs. Forensics
Material Security,Cybersecurity,"San Francisco, CA",~82,"Email/cloud-office security vendor; handles customers' most sensitive mailboxes; AI governance is adjacent to their pitch",Abhishek Agrawal,Co-founder & CEO,linkedin.com/company/material-security,material.security,first@material.security,C — Prevention vs. Forensics
Semgrep,Cybersecurity (stretch: ~260 staff),"San Francisco, CA",~260,"Code-security vendor; source code is the exact asset EraseAI protects at the prompt; slightly above ICP band",Isaac Evans,Co-founder & CEO,linkedin.com/in/isaacevans,semgrep.com,first@semgrep.com,C — Prevention vs. Forensics
Baseten,AI/ML Infrastructure (stretch: ~280-310 staff),"San Francisco, CA",~280,"Runs customer models/weights in production; enterprise deals hinge on data isolation guarantees; slightly above ICP band",Tuhin Srivastava,Co-founder & CEO,linkedin.com/in/tuhin-srivastava,baseten.co,first@baseten.co,D — Dataset Governance / Unlearning
Doppler,Cybersecurity,"San Francisco, CA",~50,"Secrets-management vendor; secrets pasted into AI prompts is their nightmare scenario and EraseAI's exact catch",Amber Britton,CEO,linkedin.com/company/doppler,doppler.com,first@doppler.com,A — Shadow AI
Pinecone,Data Infrastructure,"New York, NY",~150-250,"Vector DB powering enterprise AI; their customers ask them about AI data governance constantly",Ash Ashutosh,CEO,linkedin.com/in/ashashutosh,pinecone.io,first@pinecone.io,B — Compliance Defensibility
